[
    {
        "toggle_name": "Pet Friendly",
        "toggle_image": "🐾"
    },
    {
        "toggle_name": "Parking Available",
        "toggle_image": "🚗"
    },
    {
        "toggle_name": "Elevator",
        "toggle_image": "🏢"
    },
    {
        "toggle_name": "Washer/Dryer in Unit",
        "toggle_image": "🧺"
    },
    {
        "toggle_name": "Gym",
        "toggle_image": "💪"
    },
    {
        "toggle_name": "Pool",
        "toggle_image": "🏊"
    },
    {
        "toggle_name": "Roof top patio",
        "toggle_image": "🏙️"
    }
]
